{"lines":{"kjNlVQ":{"startX":647,"startY":639,"endX":1775,"endY":639,"nodes":["INT-2-3","INT-5-3","INT-42-3","INT-43-3","INT-44-3","INT-45-3","INT-46-3","INT-47-3","INT-48-3","INT-49-3","INT-50-3","INT-51-3","INT-81-3"]},"yRtuhs":{"startX":648,"startY":426,"endX":2348,"endY":426,"nodes":["INT-3-3","INT-6-3","INT-39-3","INT-40-3","INT-41-3","INT-52-3","INT-53-3","INT-54-3","INT-55-3","INT-56-3","INT-76-3","INT-82-3"]},"eObPrk":{"startX":1734,"startY":392,"endX":1734,"endY":730,"nodes":["INT-2-3","INT-3-3","INT-8-3","STAIR-N-B-3","INT-95-3","INT-96-3"]},"uQCJkt":{"startX":1183,"startY":414,"endX":1183,"endY":742,"nodes":["INT-5-3","INT-6-3","STAIR-N-C-3","INT-102-3","INT-103-3"]},"FRwOXC":{"startX":1683,"startY":700,"endX":1828,"endY":700,"nodes":["INT-8-3","INT-24-3","INT-85-3","STAIR-H-F-3"]},"QdzCVp":{"startX":2360,"startY":382,"endX":2360,"endY":1173,"nodes":["INT-10-3","INT-27-3","INT-33-3","INT-35-3","INT-38-3"]},"Uxycga":{"startX":2371,"startY":1164,"endX":1731,"endY":1164,"nodes":["INT-10-3","INT-12-3","INT-31-3"]},"VSRcVJ":{"startX":1747,"startY":1172,"endX":1747,"endY":1112,"nodes":["INT-12-3","INT-13-3"]},"rWYkPk":{"startX":1758,"startY":1150,"endX":1625,"endY":1150,"nodes":["INT-13-3","INT-14-3"]},"UTRfDC":{"startX":1704,"startY":876,"endX":1704,"endY":1161,"nodes":["INT-14-3","M-300-2","M-300-1"]},"EZBtID":{"startX":1146,"startY":1120,"endX":1717,"endY":1120,"nodes":["M-300-2","INT-18-3"]},"vFpYvT":{"startX":1272,"startY":880,"endX":1272,"endY":1134,"nodes":["INT-18-3","M-300-3","INT-23-3"]},"RRZByN":{"startX":1284,"startY":989,"endX":1180,"endY":989,"nodes":["M-300-3","INT-21-3"]},"QhcOUs":{"startX":1232,"startY":1004,"endX":1232,"endY":952,"nodes":["INT-21-3","STAIR-M-A-3"]},"usMFNG":{"startX":1252,"startY":888,"endX":1763,"endY":888,"nodes":["M-300-1","INT-23-3","INT-25-3"]},"IhDgTe":{"startX":1748,"startY":689,"endX":1748,"endY":902,"nodes":["INT-24-3","INT-25-3"]},"ZBucrq":{"startX":1794,"startY":765,"endX":2367,"endY":765,"nodes":["INT-27-3","U-300-3","U-300-1"]},"WMCgsf":{"startX":2304,"startY":755,"endX":2304,"endY":1142,"nodes":["U-300-3","INT-30-3","INT-34-3","INT-36-3"]},"BUSSNz":{"startX":2318,"startY":1134,"endX":1785,"endY":1134,"nodes":["INT-30-3","U-300-2","INT-87-3"]},"vFRUCd":{"startX":1876,"startY":1128,"endX":1876,"endY":1177,"nodes":["INT-31-3","U-300-2"]},"NQeXkR":{"startX":2298,"startY":1117,"endX":2365,"endY":1117,"nodes":["INT-33-3","INT-34-3"]},"nKNgWu":{"startX":2298,"startY":933,"endX":2371,"endY":933,"nodes":["INT-35-3","INT-36-3"]},"jIztLn":{"startX":1793,"startY":713,"endX":2371,"endY":713,"nodes":["INT-38-3","INT-88-3"]},"OUEIVp":{"startX":1329,"startY":386,"endX":1329,"endY":460,"nodes":["INT-39-3","N-307","N-306-1"]},"hlPIiV":{"startX":1447,"startY":383,"endX":1447,"endY":465,"nodes":["INT-40-3","N-305","N-304-2"]},"kgjkek":{"startX":1563,"startY":384,"endX":1563,"endY":457,"nodes":["INT-41-3","N-301","N-302-1"]},"UoLmjJ":{"startX":1564,"startY":603,"endX":1564,"endY":672,"nodes":["INT-42-3","N-302-2","N-330"]},"bvtFFN":{"startX":1449,"startY":604,"endX":1449,"endY":677,"nodes":["INT-43-3","N-329","N-304-1"]},"KVxsZM":{"startX":1209,"startY":633,"endX":1209,"endY":678,"nodes":["INT-44-3","N-326"]},"djfydk":{"startX":1329,"startY":558,"endX":1329,"endY":676,"nodes":["INT-45-3","N-306-2","N-327"]},"HSvFcN":{"startX":1308,"startY":602,"endX":1308,"endY":644,"nodes":["INT-46-3","N-307-1"]},"Lmhpxm":{"startX":1094,"startY":602,"endX":1094,"endY":671,"nodes":["INT-47-3","N-325","N-312-1"]},"LeGWpE":{"startX":986,"startY":601,"endX":986,"endY":677,"nodes":["INT-48-3","N-323","N-324"]},"CFaoys":{"startX":891,"startY":630,"endX":891,"endY":674,"nodes":["INT-49-3","N-322"]},"rBRyxg":{"startX":692,"startY":629,"endX":692,"endY":675,"nodes":["INT-50-3","N-320"]},"KWvFPy":{"startX":790,"startY":647,"endX":790,"endY":604,"nodes":["INT-51-3","N-321"]},"AuaJVw":{"startX":792,"startY":386,"endX":792,"endY":457,"nodes":["INT-52-3","N-317","N-316"]},"LeMDFF":{"startX":889,"startY":384,"endX":889,"endY":439,"nodes":["INT-53-3","N-315"]},"vhTXoF":{"startX":987,"startY":384,"endX":987,"endY":434,"nodes":["INT-54-3","N-314"]},"aEBkeL":{"startX":1096,"startY":385,"endX":1096,"endY":462,"nodes":["INT-55-3","N-313","N-312-2"]},"oneKwl":{"startX":1258,"startY":387,"endX":1258,"endY":432,"nodes":["INT-56-3","N-308"]},"laIawi":{"startX":675,"startY":990,"endX":493,"endY":990,"nodes":["INT-58-3","INT-60-3","STAIR-N-D-3"]},"moWxPY":{"startX":502,"startY":884,"endX":502,"endY":1071,"nodes":["INT-58-3","INT-66-3","L-306","L-303"]},"XrhoID":{"startX":527,"startY":864,"endX":527,"endY":1149,"nodes":["INT-60-3","L-304","L-305"]},"QjzkAa":{"startX":518,"startY":972,"endX":303,"endY":972,"nodes":["INT-66-3","INT-67-3","INT-68-3"]},"DisyPX":{"startX":336,"startY":911,"endX":336,"endY":1038,"nodes":["INT-67-3","L-307","L-302"]},"nbcglR":{"startX":314,"startY":918,"endX":314,"endY":1033,"nodes":["INT-68-3","INT-69-3","L-301","INT-104-3"]},"eAQbhq":{"startX":324,"startY":926,"endX":284,"endY":926,"nodes":["INT-69-3","L-308"]},"iCtklf":{"startX":290,"startY":934,"endX":290,"endY":835,"nodes":["L-308","INT-71-3"]},"aldINS":{"startX":296,"startY":836,"endX":184,"endY":836,"nodes":["INT-71-3","L-309"]},"fFDREh":{"startX":780,"startY":1153,"endX":943,"endY":1153,"nodes":["INT-72-3"]},"RiyBwM":{"startX":936,"startY":1166,"endX":936,"endY":987,"nodes":["INT-72-3","INT-73-3"]},"BiAUSP":{"startX":920,"startY":990,"endX":1152,"endY":990,"nodes":["INT-73-3","INT-74-3","INT-75-3","INT-80-3"]},"HYkoCl":{"startX":1124,"startY":950,"endX":1124,"endY":1022,"nodes":["INT-74-3","M-BATHROOM-7","W-BATHROOM-7"]},"xXwJkD":{"startX":1099,"startY":979,"endX":1099,"endY":1025,"nodes":["INT-75-3"]},"ormsmk":{"startX":1161,"startY":430,"endX":1161,"endY":380,"nodes":["INT-76-3","N-310"]},"lJtlku":{"startX":1092,"startY":992,"endX":1092,"endY":947,"nodes":["INT-80-3","STAIR-E-A-3"]},"ENWwIy":{"startX":661,"startY":379,"endX":661,"endY":1104,"nodes":["INT-81-3","INT-82-3","STAIR-N-D-3","INT-84-3","STAIR-N-A-3"]},"PFeySn":{"startX":654,"startY":1075,"endX":748,"endY":1075,"nodes":["INT-84-3"]},"MfkEnx":{"startX":1799,"startY":693,"endX":1799,"endY":1143,"nodes":["INT-85-3","U-300-1","INT-87-3","INT-88-3"]},"DSkpgt":{"startX":1878,"startY":647,"endX":2224,"endY":647,"nodes":["US-LIBRARY-3","INT-98-3"]},"RyCdOS":{"startX":1878,"startY":500,"endX":2220,"endY":500,"nodes":["US-LIBRARY-4","INT-99-3"]},"guFgxQ":{"startX":2217,"startY":488,"endX":2217,"endY":675,"nodes":["US-LIBRARY-3","US-LIBRARY-4","STAIR-H-E-3","STAIR-H-D-3"]},"XVYPdG":{"startX":1732,"startY":481,"endX":1915,"endY":481,"nodes":["INT-95-3","INT-100-3","US-LIBRARY-1"]},"PXKnRe":{"startX":1728,"startY":601,"endX":1934,"endY":601,"nodes":["INT-96-3","INT-101-3","US-LIBRARY-2"]},"zqsAoQ":{"startX":1887,"startY":473,"endX":1887,"endY":657,"nodes":["INT-98-3","INT-99-3","INT-100-3","INT-101-3"]},"fXvpIu":{"startX":1190,"startY":541,"endX":1130,"endY":541,"nodes":["INT-102-3","W-BATHROOM-6"]},"CiYHoD":{"startX":1190,"startY":568,"endX":1129,"endY":568,"nodes":["INT-103-3","M-BATHROOM-6"]},"uRLLph":{"startX":316,"startY":1001,"endX":279,"endY":1001,"nodes":["INT-104-3","STAIR-C-L-3"]}},"nodes":{"INT-2-3":{"x":1734,"y":639},"INT-3-3":{"x":1734,"y":426},"INT-5-3":{"x":1183,"y":639},"INT-6-3":{"x":1183,"y":426},"INT-8-3":{"x":1734,"y":700},"INT-10-3":{"x":2360,"y":1164},"INT-12-3":{"x":1747,"y":1164},"INT-13-3":{"x":1747,"y":1150},"INT-14-3":{"x":1704,"y":1150},"M-300-2":{"x":1704,"y":1120},"INT-18-3":{"x":1272,"y":1120},"M-300-3":{"x":1272,"y":989},"INT-21-3":{"x":1232,"y":989},"M-300-1":{"x":1704,"y":888},"INT-23-3":{"x":1272,"y":888},"INT-24-3":{"x":1748,"y":700},"INT-25-3":{"x":1748,"y":888},"INT-27-3":{"x":2360,"y":765},"U-300-3":{"x":2304,"y":765},"INT-30-3":{"x":2304,"y":1134},"INT-31-3":{"x":1876,"y":1164},"U-300-2":{"x":1876,"y":1134},"INT-33-3":{"x":2360,"y":1117},"INT-34-3":{"x":2304,"y":1117},"INT-35-3":{"x":2360,"y":933},"INT-36-3":{"x":2304,"y":933},"INT-38-3":{"x":2360,"y":713},"INT-39-3":{"x":1329,"y":426},"INT-40-3":{"x":1447,"y":426},"INT-41-3":{"x":1563,"y":426},"INT-42-3":{"x":1564,"y":639},"INT-43-3":{"x":1449,"y":639},"INT-44-3":{"x":1209,"y":639},"INT-45-3":{"x":1329,"y":639},"INT-46-3":{"x":1308,"y":639},"INT-47-3":{"x":1094,"y":639},"INT-48-3":{"x":986,"y":639},"INT-49-3":{"x":891,"y":639},"INT-50-3":{"x":692,"y":639},"INT-51-3":{"x":790,"y":639},"INT-52-3":{"x":792,"y":426},"INT-53-3":{"x":889,"y":426},"INT-54-3":{"x":987,"y":426},"INT-55-3":{"x":1096,"y":426},"INT-56-3":{"x":1258,"y":426},"INT-58-3":{"x":502,"y":990},"INT-60-3":{"x":527,"y":990},"INT-66-3":{"x":502,"y":972},"INT-67-3":{"x":336,"y":972},"INT-68-3":{"x":314,"y":972},"INT-69-3":{"x":314,"y":926},"L-308":{"x":290,"y":926},"INT-71-3":{"x":290,"y":836},"INT-72-3":{"x":936,"y":1153},"INT-73-3":{"x":936,"y":990},"INT-74-3":{"x":1124,"y":990},"INT-75-3":{"x":1099,"y":990},"N-322":{"x":891,"y":667},"N-323":{"x":986,"y":668},"N-325":{"x":1094,"y":662},"N-312-1":{"x":1094,"y":605},"N-324":{"x":986,"y":609},"N-321":{"x":790,"y":605},"N-320":{"x":692,"y":664},"N-326":{"x":1209,"y":667},"N-307-1":{"x":1308,"y":612},"N-317":{"x":792,"y":447},"N-316":{"x":792,"y":392},"N-315":{"x":889,"y":390},"N-314":{"x":987,"y":395},"N-313":{"x":1096,"y":394},"INT-76-3":{"x":1161,"y":426},"N-310":{"x":1161,"y":392},"N-308":{"x":1258,"y":392},"N-307":{"x":1329,"y":393},"N-305":{"x":1447,"y":395},"N-301":{"x":1563,"y":393},"N-302-1":{"x":1563,"y":452},"N-302-2":{"x":1564,"y":612},"N-330":{"x":1564,"y":669},"N-329":{"x":1449,"y":670},"N-304-1":{"x":1449,"y":611},"N-304-2":{"x":1447,"y":452},"N-306-2":{"x":1329,"y":566},"N-306-1":{"x":1329,"y":451},"N-312-2":{"x":1096,"y":450},"INT-80-3":{"x":1092,"y":990},"STAIR-E-A-3":{"x":1092,"y":954},"STAIR-M-A-3":{"x":1232,"y":955},"INT-81-3":{"x":661,"y":639},"INT-82-3":{"x":661,"y":426},"STAIR-N-D-3":{"x":661,"y":990},"INT-84-3":{"x":661,"y":1075},"STAIR-N-A-3":{"x":661,"y":388},"L-304":{"x":527,"y":1069},"L-305":{"x":527,"y":897},"L-306":{"x":502,"y":898},"L-303":{"x":502,"y":1055},"L-307":{"x":336,"y":920},"L-302":{"x":336,"y":1034},"L-301":{"x":314,"y":1024},"L-309":{"x":194,"y":836},"INT-85-3":{"x":1799,"y":700},"U-300-1":{"x":1799,"y":765},"INT-87-3":{"x":1799,"y":1134},"INT-88-3":{"x":1799,"y":713},"N-327":{"x":1329,"y":666},"STAIR-N-C-3":{"x":1183,"y":731},"STAIR-N-B-3":{"x":1734,"y":396},"US-LIBRARY-3":{"x":2217,"y":647},"US-LIBRARY-4":{"x":2217,"y":500},"STAIR-H-E-3":{"x":2217,"y":487},"STAIR-H-D-3":{"x":2217,"y":671},"INT-95-3":{"x":1734,"y":481},"INT-96-3":{"x":1734,"y":601},"INT-98-3":{"x":1887,"y":647},"INT-99-3":{"x":1887,"y":500},"INT-100-3":{"x":1887,"y":481},"INT-101-3":{"x":1887,"y":601},"US-LIBRARY-1":{"x":1788,"y":481},"US-LIBRARY-2":{"x":1788,"y":601},"M-BATHROOM-7":{"x":1124,"y":957},"W-BATHROOM-7":{"x":1124,"y":1012},"INT-102-3":{"x":1183,"y":541},"INT-103-3":{"x":1183,"y":568},"M-BATHROOM-6":{"x":1142,"y":568},"W-BATHROOM-6":{"x":1139,"y":541},"INT-104-3":{"x":314,"y":1001},"STAIR-C-L-3":{"x":295,"y":1001},"STAIR-H-F-3":{"x":1695,"y":700}}}