{"lines":{"YSaaIE":{"startX":107,"startY":1116,"endX":195,"endY":1116,"nodes":["INT-123","INT-124"]},"HTiPce":{"startX":110,"startY":1040,"endX":156,"endY":1040,"nodes":["INT-127"]},"UZAird":{"startX":120,"startY":1212,"endX":120,"endY":1033,"nodes":["INT-123","INT-127","EXIT-HM"]},"XzjUEM":{"startX":171,"startY":767,"endX":331,"endY":767,"nodes":["INT-80","L-105B"]},"LjpcQu":{"startX":184,"startY":1051,"endX":307,"endY":1051,"nodes":["L-101","INT-126","INT-129"]},"bPyhQN":{"startX":194,"startY":1127,"endX":194,"endY":1050,"nodes":["INT-124","INT-126","HEAD-OFFICE"]},"TMeRHM":{"startX":249,"startY":1060,"endX":249,"endY":1014,"nodes":["INT-129","INT-130"]},"WoXJhU":{"startX":259,"startY":1019,"endX":176,"endY":1019,"nodes":["INT-130","HEAD-CONF"]},"eDonMU":{"startX":300,"startY":760,"endX":300,"endY":1084,"nodes":["INT-29","INT-80","L-101","INT-161","INT-167","INT-169"]},"ngZVoX":{"startX":367,"startY":1221,"endX":367,"endY":922,"nodes":["INT-26","EXIT-LS","INT-170"]},"IoojhN":{"startX":468,"startY":809,"endX":468,"endY":1077,"nodes":["INT-27","INT-168","L-102","INT-171"]},"gTMROT":{"startX":519,"startY":1051,"endX":631,"endY":1051,"nodes":["L-103","INT-34"]},"OFjRFp":{"startX":542,"startY":938,"endX":542,"endY":1146,"nodes":["INT-32","L-103","INT-160","LS-ASSISTANT","INT-172"]},"ltFngp":{"startX":576,"startY":1037,"endX":576,"endY":1128,"nodes":["INT-34","LS-PRINCIPAL"]},"HEVUeg":{"startX":611,"startY":823,"endX":1867,"endY":823,"nodes":["INT-68","INT-94","INT-99","INT-163","INT-164","INT-173","INT-194"]},"DYdoiu":{"startX":612,"startY":858,"endX":612,"endY":961,"nodes":["INT-85","L-104"]},"ZmcMEH":{"startX":630,"startY":508,"endX":1109,"endY":508,"nodes":["INT-86","INT-95","INT-101","CAFETERIA-4","INT-195"]},"BwadxP":{"startX":657,"startY":586,"endX":709,"endY":586,"nodes":["INT-82","INT-196"]},"Qgcxli":{"startX":659,"startY":716,"endX":712,"endY":716,"nodes":["W-BATHROOM-3","INT-197"]},"IVaoke":{"startX":663,"startY":756,"endX":714,"endY":756,"nodes":["M-BATHROOM-3","INT-198"]},"hwCIwA":{"startX":693,"startY":1068,"endX":1076,"endY":1068,"nodes":["INT-149","INT-150","INT-152","INT-153","INT-155","INT-156","INT-157","INT-177","STAIR-N-D-1"]},"lsDpwl":{"startX":696,"startY":952,"endX":105,"endY":952,"nodes":["INT-26","INT-27","INT-29","INT-32","INT-85","ADMISSIONS","INT-199"]},"qLFPji":{"startX":699,"startY":564,"endX":699,"endY":637,"nodes":["INT-82"]},"TziqhI":{"startX":712,"startY":373,"endX":1084,"endY":373,"nodes":["KITCHEN-2","INT-89","KITCHEN-1"]},"zviPGv":{"startX":759,"startY":920,"endX":1053,"endY":920,"nodes":["INT-98","INT-105"]},"qRTxox":{"startX":782,"startY":356,"endX":782,"endY":936,"nodes":["INT-94","INT-95","INT-96","KITCHEN-1","INT-98","BERLIN-GARDEN","CAFETERIA-3"]},"NlWsBT":{"startX":863,"startY":1063,"endX":863,"endY":1109,"nodes":["INT-153","NURSE-LS"]},"bfhPPr":{"startX":863,"startY":1107,"endX":893,"endY":1107,"nodes":["NURSE-LS"]},"WJcfnz":{"startX":877,"startY":1075,"endX":877,"endY":1029,"nodes":["INT-152","A-101"]},"DwrHUs":{"startX":934,"startY":1036,"endX":934,"endY":1216,"nodes":["INT-149","EXIT-ANNEX"]},"VeTbVD":{"startX":972,"startY":1062,"endX":972,"endY":1111,"nodes":["INT-155","A-104"]},"AQjpjr":{"startX":977,"startY":854,"endX":977,"endY":936,"nodes":["INT-105","INT-106"]},"sHSWGb":{"startX":1012,"startY":1074,"endX":1012,"endY":1024,"nodes":["INT-156","A-102"]},"VKjjmC":{"startX":1024,"startY":984,"endX":1125,"endY":984,"nodes":["INT-158","INT-159"]},"YIkcjM":{"startX":1038,"startY":1077,"endX":1038,"endY":977,"nodes":["INT-157","INT-158"]},"OyYeHh":{"startX":1039,"startY":523,"endX":1039,"endY":366,"nodes":["INT-86","KITCHEN-2"]},"NRRnJE":{"startX":1054,"startY":338,"endX":1094,"endY":338,"nodes":["INT-93"]},"LbCxbP":{"startX":1055,"startY":1085,"endX":1080,"endY":1085,"nodes":["INT-151"]},"kDxaHc":{"startX":1060,"startY":248,"endX":1060,"endY":415,"nodes":["INT-89","INT-92","INT-93","EXIT-KITCHEN"]},"jhCWNJ":{"startX":1060,"startY":1063,"endX":1060,"endY":1087,"nodes":["INT-150","INT-151"]},"udwuIJ":{"startX":1066,"startY":329,"endX":1016,"endY":329,"nodes":["INT-92"]},"jCaYGN":{"startX":1079,"startY":784,"endX":1192,"endY":784,"nodes":["INT-38","INT-100","N-101A"]},"hMWIGt":{"startX":1089,"startY":872,"endX":1089,"endY":497,"nodes":["INT-99","INT-100","INT-101","INT-102","INT-104","CAFETERIA-2"]},"FnQjnu":{"startX":1101,"startY":863,"endX":766,"endY":863,"nodes":["BERLIN-GARDEN","INT-104","INT-106"]},"TlxaLI":{"startX":1107,"startY":690,"endX":770,"endY":690,"nodes":["INT-96","INT-102","CAFETERIA-1"]},"MRstQq":{"startX":1122,"startY":997,"endX":1122,"endY":940,"nodes":["INT-159","STAIR-E-A-1"]},"jjZfWi":{"startX":1131,"startY":655,"endX":1131,"endY":807,"nodes":["INT-38","N-101"]},"bLINxs":{"startX":1201,"startY":1195,"endX":1201,"endY":1017,"nodes":["INT-18","EXIT-MS"]},"upjoFD":{"startX":1250,"startY":991,"endX":1177,"endY":991,"nodes":["INT-174"]},"yaLTOe":{"startX":1289,"startY":932,"endX":1289,"endY":983,"nodes":["INT-55","M-111"]},"lBDRRf":{"startX":1313,"startY":931,"endX":1313,"endY":985,"nodes":["INT-54","M-112"]},"bvEXaU":{"startX":1339,"startY":1016,"endX":1339,"endY":1099,"nodes":["INT-52","M-100"]},"LPSPED":{"startX":1361,"startY":919,"endX":1361,"endY":1129,"nodes":["INT-43","M-110","M-101"]},"RaqjLv":{"startX":1424,"startY":969,"endX":1273,"endY":969,"nodes":["M-110","INT-54","INT-55","INT-56"]},"lehZhS":{"startX":1424,"startY":903,"endX":1424,"endY":998,"nodes":["INT-56"]},"IxCHjK":{"startX":1527,"startY":964,"endX":1527,"endY":1112,"nodes":["INT-44","M-102","M-109"]},"EgqYou":{"startX":1553,"startY":961,"endX":1553,"endY":1110,"nodes":["INT-45","M-103","M-108"]},"qvYZqe":{"startX":1588,"startY":973,"endX":1588,"endY":1042,"nodes":["INT-46","M-107"]},"JTZkiQ":{"startX":1641,"startY":1096,"endX":1717,"endY":1096,"nodes":["INT-49","INT-50","INT-51"]},"kqkqTo":{"startX":1645,"startY":859,"endX":1645,"endY":1034,"nodes":["INT-47","INT-107"]},"fZPmyW":{"startX":1650,"startY":915,"endX":1616,"endY":915,"nodes":["INT-107","M-106"]},"AUfHDz":{"startX":1655,"startY":1015,"endX":1655,"endY":1101,"nodes":["INT-48","INT-49","M-104"]},"isKNsd":{"startX":1672,"startY":1079,"endX":1672,"endY":1137,"nodes":["INT-51","MS-ASSISTANT"]},"DMylKk":{"startX":1694,"startY":1079,"endX":1694,"endY":1142,"nodes":["INT-50","MS-PRINCIPAL"]},"RxFikD":{"startX":1710,"startY":1039,"endX":1710,"endY":879,"nodes":["INT-131","STAIR-M-B-1"]},"efmVtk":{"startX":1772,"startY":718,"endX":2272,"endY":718,"nodes":["INT-72","INT-73","INT-74","INT-143","INT-146","INT-147"]},"EOIChy":{"startX":1780,"startY":958,"endX":1900,"endY":958,"nodes":["INT-70","HAWLEY-1","INT-190"]},"JSwpcM":{"startX":1796,"startY":689,"endX":1796,"endY":1227,"nodes":["INT-68","INT-69","INT-70","INT-71","INT-74","INT-77","INT-162","EXIT-101","INT-189"]},"tYqoTg":{"startX":1810,"startY":786,"endX":1738,"endY":786,"nodes":["INT-71","STAIR-H-F-1"]},"iKMHfR":{"startX":1823,"startY":1027,"endX":1139,"endY":1027,"nodes":["INT-18","INT-43","INT-44","INT-45","INT-46","INT-47","INT-48","INT-52","INT-69","INT-131","INT-175"]},"XqiaMO":{"startX":1851,"startY":628,"endX":1933,"endY":628,"nodes":["INT-139","INT-140","U-104"]},"VzfziE":{"startX":1860,"startY":810,"endX":1945,"endY":810,"nodes":["INT-7","HAWLEY-1","STAIR-H-A-1"]},"sLLPSE":{"startX":1889,"startY":450,"endX":1929,"endY":450,"nodes":["INT-141","INT-142"]},"AsYdPY":{"startX":1897,"startY":261,"endX":1897,"endY":858,"nodes":["INT-7","INT-73","INT-76","INT-132","INT-134","INT-135","INT-137","INT-138","INT-139","INT-141","U-103","EXIT-US-WEST"]},"HsBmMu":{"startX":1902,"startY":378,"endX":1853,"endY":378,"nodes":["INT-132","U-109"]},"IlrHzn":{"startX":1905,"startY":502,"endX":1856,"endY":502,"nodes":["INT-135","U-108"]},"eqKaHJ":{"startX":1908,"startY":577,"endX":1855,"endY":577,"nodes":["INT-138","U-105"]},"fxhVoQ":{"startX":1909,"startY":419,"endX":1729,"endY":419,"nodes":["INT-134","U-108A","TRASH-ROOM"]},"OXnpEV":{"startX":1925,"startY":619,"endX":1925,"endY":671,"nodes":["INT-140","STAIR-H-B-1"]},"RnPyig":{"startX":1929,"startY":448,"endX":1929,"endY":469,"nodes":["INT-142","STAIR-H-C-1"]},"BtIBWH":{"startX":1938,"startY":539,"endX":1849,"endY":539,"nodes":["INT-137","U-106","U-107"]},"HnZSFS":{"startX":1979,"startY":1120,"endX":2364,"endY":1120,"nodes":["INT-10","INT-13","MANUAL-INT-1","INT-192"]},"vRkUDm":{"startX":2047,"startY":650,"endX":2087,"endY":650,"nodes":["INT-144"]},"vQmnsJ":{"startX":2054,"startY":725,"endX":2054,"endY":630,"nodes":["INT-143","INT-144","NURSE-US"]},"zdpnQL":{"startX":2061,"startY":677,"endX":2023,"endY":677,"nodes":["NURSE-US"]},"MDvzOb":{"startX":2124,"startY":722,"endX":2124,"endY":656,"nodes":["INT-146"]},"dieUPH":{"startX":2214,"startY":610,"endX":2300,"endY":610,"nodes":["INT-119","U-116","U-111","U-118"]},"MDMTqw":{"startX":2226,"startY":724,"endX":2226,"endY":674,"nodes":["INT-147","STAIR-H-D-1"]},"LGXrCC":{"startX":2246,"startY":898,"endX":2308,"endY":898,"nodes":["INT-122"]},"gkzAQm":{"startX":2248,"startY":793,"endX":2315,"endY":793,"nodes":["INT-120","U-120"]},"IXGWCX":{"startX":2248,"startY":776,"endX":2296,"endY":776,"nodes":["INT-121","U-119"]},"qiuGBX":{"startX":2249,"startY":518,"endX":2300,"endY":518,"nodes":["INT-116","U-117"]},"IExZyr":{"startX":2250,"startY":347,"endX":2308,"endY":347,"nodes":["INT-108","U-114"]},"vuVzRZ":{"startX":2250,"startY":425,"endX":2298,"endY":425,"nodes":["INT-111","U-115"]},"pWTmSi":{"startX":2254,"startY":250,"endX":2254,"endY":963,"nodes":["INT-4","INT-72","INT-75","INT-108","INT-109","INT-111","INT-115","INT-116","INT-119","INT-120","INT-121","INT-122","INT-148","INT-165","INT-166","EXIT-US-EAST"]},"yLchof":{"startX":2261,"startY":385,"endX":2215,"endY":385,"nodes":["INT-109","U-113"]},"SfsiYa":{"startX":2261,"startY":523,"endX":2226,"endY":523,"nodes":["INT-115","U-112"]},"ENNhZE":{"startX":2261,"startY":590,"endX":2220,"endY":590,"nodes":["INT-148","M-BATHROOM-1"]},"yTTWYS":{"startX":2262,"startY":769,"endX":1779,"endY":769,"nodes":["INT-75","INT-76","INT-77"]},"hsuDbh":{"startX":2264,"startY":994,"endX":2435,"endY":994,"nodes":["INT-12","INT-14","U-121"]},"cYeiug":{"startX":2319,"startY":882,"endX":2319,"endY":1216,"nodes":["INT-9","INT-10","INT-12","INT-193"]},"Rfecbv":{"startX":2338,"startY":931,"endX":2170,"endY":931,"nodes":["INT-4","INT-9"]},"bgsYnR":{"startX":2361,"startY":905,"endX":2361,"endY":1137,"nodes":["INT-13","INT-14","STAIR-H-G-1"]},"tGOIdE":{"startX":533,"startY":986,"endX":604,"endY":986,"nodes":["INT-160","STAIR-L-A-1"]},"yKVNLA":{"startX":310,"startY":992,"endX":259,"endY":992,"nodes":["INT-161","STAIR-C-L-1"]},"QeeKWr":{"startX":1788,"startY":899,"endX":1871,"endY":899,"nodes":["INT-162","U-102"]},"gTBVmm":{"startX":1273,"startY":810,"endX":1273,"endY":856,"nodes":["INT-163","M-BATHROOM-2"]},"qNpKFW":{"startX":1431,"startY":810,"endX":1431,"endY":861,"nodes":["INT-164","W-BATHROOM-2"]},"TNilXo":{"startX":2258,"startY":399,"endX":2215,"endY":399,"nodes":["INT-165","W-BATHROOM-1"]},"YvcxXu":{"startX":2229,"startY":453,"endX":2292,"endY":453,"nodes":["U-116","INT-166","STAIR-H-E-1"]},"rEtyMD":{"startX":560,"startY":877,"endX":277,"endY":877,"nodes":["INT-167","INT-168","L-105A"]},"TvkPqC":{"startX":564,"startY":1026,"endX":283,"endY":1026,"nodes":["INT-169","INT-170","INT-171","INT-172"]},"TGWvQp":{"startX":1246,"startY":947,"endX":1184,"endY":947,"nodes":["INT-176"]},"hmRNGc":{"startX":1236,"startY":811,"endX":1236,"endY":1043,"nodes":["INT-173","INT-174","INT-175","INT-176","STAIR-M-A-1"]},"ZCZdcZ":{"startX":764,"startY":1060,"endX":764,"endY":1155,"nodes":["INT-177","INT-178"]},"Zcnlja":{"startX":774,"startY":1144,"endX":738,"endY":1144,"nodes":["INT-178","INT-179"]},"OVKGFi":{"startX":743,"startY":1127,"endX":743,"endY":1156,"nodes":["INT-179","STAIR-E-B-1"]},"RJMyxv":{"startX":1723,"startY":239,"endX":1723,"endY":384,"nodes":["EXIT-STAIR-N-B","STAIR-N-B-1"]},"OtaiMp":{"startX":1787,"startY":1052,"endX":1924,"endY":1052,"nodes":["INT-189","HAWLEY-2","MANUAL-INT-2"]},"VhKQQh":{"startX":1878,"startY":951,"endX":1878,"endY":987,"nodes":["INT-190","U-101"]},"mSFifz":{"startX":2264,"startY":1140,"endX":2264,"endY":1048,"nodes":["INT-192","HAWLEY-3"]},"xdEMDC":{"startX":2326,"startY":955,"endX":2266,"endY":955,"nodes":["INT-193"]},"MjqxJj":{"startX":672,"startY":248,"endX":672,"endY":1192,"nodes":["INT-194","INT-195","INT-196","INT-197","INT-198","INT-199","EXIT-LINK","STAIR-N-A-1","EXIT-STAIR-N-A","INT-202"]},"KZyjsP":{"startX":698,"startY":1028,"endX":698,"endY":1149,"nodes":["STAIR-N-D-1","INT-203"]},"IiLBKh":{"startX":707,"startY":1130,"endX":670,"endY":1130,"nodes":["INT-202","INT-203"]}},"nodes":{"INT-4":{"x":2254,"y":931},"INT-7":{"x":1897,"y":810},"INT-9":{"x":2319,"y":931},"INT-10":{"x":2319,"y":1120},"INT-12":{"x":2319,"y":994},"INT-13":{"x":2361,"y":1120},"INT-14":{"x":2361,"y":994},"INT-18":{"x":1201,"y":1027},"INT-26":{"x":367,"y":952},"INT-27":{"x":468,"y":952},"INT-29":{"x":300,"y":952},"INT-32":{"x":542,"y":952},"L-103":{"x":542,"y":1051},"INT-34":{"x":576,"y":1051},"INT-38":{"x":1131,"y":784},"INT-43":{"x":1361,"y":1027},"INT-44":{"x":1527,"y":1027},"INT-45":{"x":1553,"y":1027},"INT-46":{"x":1588,"y":1027},"INT-47":{"x":1645,"y":1027},"INT-48":{"x":1655,"y":1027},"INT-49":{"x":1655,"y":1096},"INT-50":{"x":1694,"y":1096},"INT-51":{"x":1672,"y":1096},"INT-52":{"x":1339,"y":1027},"M-110":{"x":1361,"y":969},"INT-54":{"x":1313,"y":969},"INT-55":{"x":1289,"y":969},"INT-56":{"x":1424,"y":969},"INT-68":{"x":1796,"y":823},"INT-69":{"x":1796,"y":1027},"INT-70":{"x":1796,"y":958},"INT-71":{"x":1796,"y":786},"INT-72":{"x":2254,"y":718},"INT-73":{"x":1897,"y":718},"INT-74":{"x":1796,"y":718},"INT-75":{"x":2254,"y":769},"INT-76":{"x":1897,"y":769},"INT-77":{"x":1796,"y":769},"INT-80":{"x":300,"y":767},"INT-82":{"x":699,"y":586},"INT-85":{"x":612,"y":952},"INT-86":{"x":1039,"y":508},"KITCHEN-2":{"x":1039,"y":373},"INT-89":{"x":1060,"y":373},"INT-92":{"x":1060,"y":329},"INT-93":{"x":1060,"y":338},"INT-94":{"x":782,"y":823},"INT-95":{"x":782,"y":508},"INT-96":{"x":782,"y":690},"KITCHEN-1":{"x":782,"y":373},"INT-98":{"x":782,"y":920},"INT-99":{"x":1089,"y":823},"INT-100":{"x":1089,"y":784},"INT-101":{"x":1089,"y":508},"INT-102":{"x":1089,"y":690},"BERLIN-GARDEN":{"x":782,"y":863},"INT-104":{"x":1089,"y":863},"INT-105":{"x":977,"y":920},"INT-106":{"x":977,"y":863},"INT-107":{"x":1645,"y":915},"INT-108":{"x":2254,"y":347},"INT-109":{"x":2254,"y":385},"INT-111":{"x":2254,"y":425},"INT-115":{"x":2254,"y":523},"INT-116":{"x":2254,"y":518},"INT-119":{"x":2254,"y":610},"INT-120":{"x":2254,"y":793},"INT-121":{"x":2254,"y":776},"INT-122":{"x":2254,"y":898},"INT-123":{"x":120,"y":1116},"INT-124":{"x":194,"y":1116},"L-101":{"x":300,"y":1051},"INT-126":{"x":194,"y":1051},"INT-127":{"x":120,"y":1040},"INT-129":{"x":249,"y":1051},"INT-130":{"x":249,"y":1019},"INT-131":{"x":1710,"y":1027},"INT-132":{"x":1897,"y":378},"INT-134":{"x":1897,"y":419},"INT-135":{"x":1897,"y":502},"INT-137":{"x":1897,"y":539},"INT-138":{"x":1897,"y":577},"INT-139":{"x":1897,"y":628},"INT-140":{"x":1925,"y":628},"INT-141":{"x":1897,"y":450},"INT-142":{"x":1929,"y":450},"INT-143":{"x":2054,"y":718},"INT-144":{"x":2054,"y":650},"NURSE-US":{"x":2054,"y":677},"INT-146":{"x":2124,"y":718},"INT-147":{"x":2226,"y":718},"INT-148":{"x":2254,"y":590},"INT-149":{"x":934,"y":1068},"INT-150":{"x":1060,"y":1068},"INT-151":{"x":1060,"y":1085},"INT-152":{"x":877,"y":1068},"INT-153":{"x":863,"y":1068},"NURSE-LS":{"x":863,"y":1107},"INT-155":{"x":972,"y":1068},"INT-156":{"x":1012,"y":1068},"INT-157":{"x":1038,"y":1068},"INT-158":{"x":1038,"y":984},"INT-159":{"x":1122,"y":984},"INT-160":{"x":542,"y":986},"INT-161":{"x":300,"y":992},"INT-162":{"x":1796,"y":899},"EXIT-ANNEX":{"x":934,"y":1175},"EXIT-101":{"x":1796,"y":1181},"EXIT-LS":{"x":367,"y":1133},"EXIT-HM":{"x":120,"y":1185},"U-109":{"x":1868,"y":378},"U-114":{"x":2292,"y":347},"U-115":{"x":2291,"y":425},"U-117":{"x":2293,"y":518},"U-116":{"x":2281,"y":453},"U-111":{"x":2221,"y":610},"M-BATHROOM-1":{"x":2227,"y":590},"EXIT-MS":{"x":1201,"y":1183},"L-104":{"x":612,"y":885},"CAFETERIA-2":{"x":1089,"y":638},"CAFETERIA-1":{"x":1035,"y":690},"CAFETERIA-3":{"x":782,"y":778},"CAFETERIA-4":{"x":713,"y":508},"U-108":{"x":1869,"y":502},"U-106":{"x":1856,"y":539},"U-105":{"x":1863,"y":577},"U-104":{"x":1862,"y":628},"INT-163":{"x":1273,"y":823},"INT-164":{"x":1431,"y":823},"M-BATHROOM-2":{"x":1273,"y":847},"W-BATHROOM-2":{"x":1431,"y":851},"INT-165":{"x":2254,"y":399},"U-113":{"x":2228,"y":385},"W-BATHROOM-1":{"x":2228,"y":399},"M-102":{"x":1527,"y":1067},"M-109":{"x":1527,"y":987},"M-103":{"x":1553,"y":1069},"M-108":{"x":1553,"y":986},"M-101":{"x":1361,"y":1073},"M-104":{"x":1655,"y":1067},"MS-PRINCIPAL":{"x":1694,"y":1126},"MS-ASSISTANT":{"x":1672,"y":1126},"M-100":{"x":1339,"y":1069},"M-112":{"x":1313,"y":945},"M-111":{"x":1289,"y":946},"M-107":{"x":1588,"y":987},"U-107":{"x":1931,"y":539},"M-BATHROOM-3":{"x":705,"y":756},"W-BATHROOM-3":{"x":712,"y":716},"INT-166":{"x":2254,"y":453},"STAIR-H-E-1":{"x":2231,"y":453},"L-105B":{"x":185,"y":767},"M-106":{"x":1622,"y":915},"HAWLEY-1":{"x":1932,"y":810},"U-103":{"x":1897,"y":846},"U-102":{"x":1868,"y":899},"U-120":{"x":2300,"y":793},"U-119":{"x":2285,"y":776},"STAIR-H-G-1":{"x":2361,"y":914},"LS-PRINCIPAL":{"x":576,"y":1116},"LS-ASSISTANT":{"x":542,"y":1111},"A-104":{"x":972,"y":1100},"N-101A":{"x":1162,"y":784},"N-101":{"x":1131,"y":670},"INT-167":{"x":300,"y":877},"INT-168":{"x":468,"y":877},"L-105A":{"x":546,"y":877},"L-102":{"x":468,"y":1056},"HEAD-OFFICE":{"x":194,"y":1080},"HEAD-CONF":{"x":194,"y":1019},"ADMISSIONS":{"x":171,"y":952},"INT-169":{"x":300,"y":1026},"INT-170":{"x":367,"y":1026},"INT-171":{"x":468,"y":1026},"INT-172":{"x":542,"y":1026},"MANUAL-INT-1":{"x":1991,"y":1120},"STAIR-H-B-1":{"x":1925,"y":659},"STAIR-H-C-1":{"x":1929,"y":464},"STAIR-H-D-1":{"x":2226,"y":682},"STAIR-H-F-1":{"x":1747,"y":786},"STAIR-M-B-1":{"x":1710,"y":951},"INT-173":{"x":1236,"y":823},"INT-174":{"x":1236,"y":991},"INT-175":{"x":1236,"y":1027},"INT-176":{"x":1236,"y":947},"STAIR-M-A-1":{"x":1236,"y":906},"STAIR-E-A-1":{"x":1122,"y":950},"A-101":{"x":877,"y":1036},"A-102":{"x":1012,"y":1032},"INT-177":{"x":764,"y":1068},"INT-178":{"x":764,"y":1144},"INT-179":{"x":743,"y":1144},"STAIR-E-B-1":{"x":743,"y":1131},"EXIT-STAIR-N-B":{"x":1723,"y":253},"STAIR-N-B-1":{"x":1723,"y":365},"EXIT-KITCHEN":{"x":1060,"y":257},"EXIT-US-WEST":{"x":1897,"y":275},"EXIT-US-EAST":{"x":2254,"y":273},"INT-189":{"x":1796,"y":1052},"INT-190":{"x":1878,"y":958},"U-101":{"x":1878,"y":979},"HAWLEY-2":{"x":1908,"y":1052},"INT-192":{"x":2264,"y":1120},"HAWLEY-3":{"x":2264,"y":1058},"INT-193":{"x":2319,"y":955},"STAIR-H-A-1":{"x":1870,"y":810},"U-108A":{"x":1857,"y":419},"TRASH-ROOM":{"x":1754,"y":419},"U-121":{"x":2291,"y":994},"U-112":{"x":2230,"y":523},"U-118":{"x":2291,"y":610},"MANUAL-INT-2":{"x":1881,"y":1052},"INT-194":{"x":672,"y":823},"INT-195":{"x":672,"y":508},"INT-196":{"x":672,"y":586},"INT-197":{"x":672,"y":716},"INT-198":{"x":672,"y":756},"INT-199":{"x":672,"y":952},"EXIT-LINK":{"x":672,"y":1176},"STAIR-N-A-1":{"x":672,"y":373},"EXIT-STAIR-N-A":{"x":672,"y":255},"STAIR-L-A-1":{"x":573,"y":986},"STAIR-C-L-1":{"x":271,"y":992},"STAIR-N-D-1":{"x":698,"y":1068},"INT-202":{"x":672,"y":1130},"INT-203":{"x":698,"y":1130}}}