{"lines":{"lxRHQM":{"startX":713,"startY":360,"endX":1681,"endY":360,"nodes":["TURF-2","TURF-1","STAIR-N-A-4"]},"PeCoLz":{"startX":1650,"startY":342,"endX":1650,"endY":738,"nodes":["TURF-2","TURF-3","INT-5-4"]},"yiNDVj":{"startX":673,"startY":731,"endX":1695,"endY":731,"nodes":["TURF-3","INT-2-4","TURF-4","STAIR-H-F-4"]},"PQkIuc":{"startX":673,"startY":713,"endX":673,"endY":997,"nodes":["INT-2-4","STAIR-N-D-4"]},"GkYfcf":{"startX":760,"startY":343,"endX":760,"endY":745,"nodes":["TURF-1","TURF-4"]},"SfAtWA":{"startX":1645,"startY":414,"endX":1699,"endY":414,"nodes":["INT-5-4","STAIR-N-B-4"]}},"nodes":{"TURF-2":{"x":1650,"y":360},"TURF-3":{"x":1650,"y":731},"INT-2-4":{"x":673,"y":731},"TURF-1":{"x":760,"y":360},"TURF-4":{"x":760,"y":731},"INT-5-4":{"x":1650,"y":414},"STAIR-N-A-4":{"x":720,"y":360},"STAIR-N-B-4":{"x":1690,"y":414},"STAIR-H-F-4":{"x":1684,"y":731},"STAIR-N-D-4":{"x":673,"y":992}}}