{"lines":{"esaVWe":{"startX":626,"startY":425,"endX":2294,"endY":425,"nodes":["INT-0-2","INT-20-2","INT-26-2","INT-34-2","INT-37-2","INT-48-2","INT-49-2","INT-62-2","INT-89-2","INT-90-2","INT-91-2","INT-92-2","INT-100-2","INT-101-2","INT-114-2","INT-116-2","INT-117-2","INT-118-2","INT-119-2","INT-135-2","INT-140-2","INT-141-2","INT-142-2","INT-143-2","U-214-2"]},"hbEWye":{"startX":2257,"startY":377,"endX":2257,"endY":1149,"nodes":["INT-0-2","INT-1-2","INT-44-2","INT-45-2","INT-46-2","INT-47-2","INT-52-2","INT-131-2","U-213","INT-150-2","U-223","INT-155-2","INT-156-2","INT-162-2","INT-163-2","INT-164-2"]},"CtDVVX":{"startX":2269,"startY":1090,"endX":1925,"endY":1090,"nodes":["INT-1-2","INT-2-2","INT-129-2","INT-153-2"]},"ACydBk":{"startX":1931,"startY":1076,"endX":1931,"endY":1162,"nodes":["INT-2-2","INT-3-2","U-226"]},"XJOxLm":{"startX":1938,"startY":1122,"endX":1850,"endY":1122,"nodes":["INT-3-2","INT-4-2","INT-5-2","U-228"]},"VcKkQB":{"startX":1895,"startY":1160,"endX":1895,"endY":1115,"nodes":["INT-4-2","U-227"]},"dmXzRB":{"startX":1888,"startY":1133,"endX":1888,"endY":1001,"nodes":["INT-5-2","INT-6-2","INT-132-2","U-229"]},"TIIjlO":{"startX":1895,"startY":1045,"endX":1209,"endY":1045,"nodes":["INT-6-2","M-212","INT-8-2","INT-11-2","INT-17-2","INT-18-2","INT-43-2","INT-56-2","INT-106-2","INT-109-2","INT-110-2","INT-111-2","INT-112-2"]},"TAWLQl":{"startX":1677,"startY":824,"endX":710,"endY":824,"nodes":["INT-9-2","INT-12-2","INT-15-2","INT-133-2"]},"GGmKrY":{"startX":1677,"startY":771,"endX":712,"endY":771,"nodes":["INT-10-2","INT-13-2","INT-16-2"]},"KvSOwg":{"startX":1649,"startY":762,"endX":1649,"endY":1053,"nodes":["INT-8-2","INT-9-2","INT-10-2","INT-144-2"]},"Wddrzc":{"startX":1239,"startY":727,"endX":1239,"endY":1093,"nodes":["INT-11-2","INT-12-2","INT-13-2","INT-22-2","M-200","STAIR-M-A-2"]},"cPrELh":{"startX":777,"startY":728,"endX":777,"endY":857,"nodes":["INT-15-2","INT-16-2","INT-104-2"]},"ZWZgwI":{"startX":1450,"startY":1086,"endX":1450,"endY":961,"nodes":["INT-17-2","INT-108-2","M-203","M-208"]},"oSFuKV":{"startX":1427,"startY":1081,"endX":1427,"endY":962,"nodes":["INT-18-2","INT-107-2","M-202","M-209"]},"NCtedO":{"startX":640,"startY":685,"endX":1771,"endY":685,"nodes":["INT-19-2","INT-21-2","INT-27-2","INT-35-2","INT-38-2","INT-59-2","INT-64-2","INT-87-2","INT-99-2"]},"UfhXEh":{"startX":1695,"startY":671,"endX":1695,"endY":737,"nodes":["INT-19-2","STAIR-H-F-2"]},"lhvYbs":{"startX":1662,"startY":271,"endX":1662,"endY":754,"nodes":["INT-20-2","INT-21-2","INT-23-2","INT-61-2","INT-147-2"]},"ITNXjP":{"startX":1676,"startY":741,"endX":1035,"endY":741,"nodes":["INT-22-2","INT-23-2"]},"ixUSGI":{"startX":1181,"startY":411,"endX":1181,"endY":691,"nodes":["INT-26-2","INT-27-2","INT-93-2","INT-94-2","INT-113-2"]},"qrtxbf":{"startX":1536,"startY":697,"endX":1536,"endY":413,"nodes":["INT-34-2","INT-35-2","INT-148-2"]},"WEyket":{"startX":664,"startY":360,"endX":664,"endY":1101,"nodes":["INT-37-2","INT-38-2","INT-39-2","INT-66-2","INT-102-2","INT-105-2","STAIR-N-D-2","STAIR-N-A-2"]},"EWeywN":{"startX":645,"startY":1077,"endX":1119,"endY":1077,"nodes":["INT-39-2","INT-40-2","INT-81-2","INT-82-2","INT-83-2","INT-84-2","INT-85-2","INT-86-2"]},"uZPEQj":{"startX":1116,"startY":1105,"endX":1116,"endY":945,"nodes":["INT-40-2","STAIR-E-A-2"]},"BgfsMU":{"startX":1753,"startY":1033,"endX":1753,"endY":1087,"nodes":["INT-43-2","U-230"]},"kdNslz":{"startX":2255,"startY":1032,"endX":2290,"endY":1032,"nodes":["INT-44-2","U-222"]},"niVsCL":{"startX":2252,"startY":1009,"endX":2290,"endY":1009,"nodes":["INT-45-2","U-221"]},"XrKZJo":{"startX":2253,"startY":883,"endX":2303,"endY":883,"nodes":["INT-46-2","U-220"]},"ENwgPo":{"startX":2248,"startY":784,"endX":2289,"endY":784,"nodes":["INT-47-2","U-219"]},"OlSkbQ":{"startX":2060,"startY":437,"endX":2060,"endY":380,"nodes":["INT-48-2","U-208"]},"dwJJnQ":{"startX":1894,"startY":412,"endX":1894,"endY":725,"nodes":["INT-49-2","INT-53-2","INT-120-2","INT-121-2","INT-122-2","INT-123-2","INT-124-2","INT-125-2","INT-126-2","INT-128-2"]},"ZZSbvt":{"startX":1829,"startY":721,"endX":2267,"endY":721,"nodes":["INT-52-2","INT-53-2","INT-54-2","INT-130-2","INT-154-2"]},"RfgpIu":{"startX":1836,"startY":710,"endX":1836,"endY":842,"nodes":["INT-54-2","INT-55-2"]},"wmRkeM":{"startX":1849,"startY":825,"endX":1742,"endY":825,"nodes":["INT-55-2","INT-57-2"]},"laNwwE":{"startX":1798,"startY":715,"endX":1798,"endY":1065,"nodes":["INT-56-2","INT-57-2","INT-58-2"]},"hurZjS":{"startX":1812,"startY":725,"endX":1744,"endY":725,"nodes":["INT-58-2","INT-60-2"]},"ABWDUE":{"startX":1750,"startY":739,"endX":1750,"endY":677,"nodes":["INT-59-2","INT-60-2"]},"gOXSEq":{"startX":1649,"startY":640,"endX":1768,"endY":640,"nodes":["INT-61-2","US-COAT-ROOM"]},"vLxOsD":{"startX":1744,"startY":390,"endX":1744,"endY":655,"nodes":["INT-62-2","US-COAT-ROOM","STAIR-N-B-2"]},"qxMIzp":{"startX":1231,"startY":676,"endX":1231,"endY":707,"nodes":["INT-64-2","INT-65-2"]},"SvgVlq":{"startX":1250,"startY":707,"endX":1184,"endY":707,"nodes":["INT-65-2","STAIR-N-C-2"]},"HnSVqj":{"startX":674,"startY":1003,"endX":294,"endY":1003,"nodes":["INT-66-2","INT-75-2","INT-76-2","INT-77-2","INT-79-2"]},"NbDLJW":{"startX":343,"startY":926,"endX":289,"endY":926,"nodes":["INT-69-2","L-206"]},"twkEQc":{"startX":294,"startY":935,"endX":294,"endY":874,"nodes":["INT-69-2","INT-70-2"]},"dQKtsX":{"startX":305,"startY":874,"endX":259,"endY":874,"nodes":["INT-70-2","INT-71-2"]},"XNPkBj":{"startX":262,"startY":879,"endX":262,"endY":858,"nodes":["INT-71-2","INT-72-2"]},"jBNkII":{"startX":268,"startY":861,"endX":241,"endY":861,"nodes":["INT-72-2","INT-73-2"]},"pBaCkI":{"startX":245,"startY":866,"endX":245,"endY":849,"nodes":["INT-73-2","INT-74-2"]},"xGywtZ":{"startX":256,"startY":850,"endX":210,"endY":850,"nodes":["INT-74-2"]},"bYhood":{"startX":500,"startY":1047,"endX":500,"endY":993,"nodes":["INT-75-2","L-202"]},"nFxoiY":{"startX":490,"startY":1008,"endX":490,"endY":913,"nodes":["INT-76-2","L-205"]},"LUDoBH":{"startX":536,"startY":1051,"endX":536,"endY":907,"nodes":["INT-77-2","L-204","L-203","INT-158-2"]},"NbaWGJ":{"startX":335,"startY":906,"endX":335,"endY":1058,"nodes":["INT-79-2","L-206","L-201","INT-159-2"]},"INVZdH":{"startX":817,"startY":1068,"endX":817,"endY":1102,"nodes":["INT-81-2","A-204"]},"HppODh":{"startX":846,"startY":1083,"endX":846,"endY":1046,"nodes":["INT-82-2","A-200"]},"mHxrgA":{"startX":1036,"startY":1087,"endX":1036,"endY":1044,"nodes":["INT-83-2","A-201"]},"UPjQMy":{"startX":1051,"startY":1069,"endX":1051,"endY":1109,"nodes":["INT-84-2","A-203"]},"LcDNcR":{"startX":1095,"startY":1070,"endX":1095,"endY":1104,"nodes":["INT-85-2","A-202"]},"MGtoHi":{"startX":782,"startY":1070,"endX":782,"endY":1119,"nodes":["INT-86-2"]},"ICVUNQ":{"startX":1372,"startY":701,"endX":1372,"endY":633,"nodes":["INT-87-2","INT-88-2"]},"ekzLqf":{"startX":1341,"startY":650,"endX":1410,"endY":650,"nodes":["INT-88-2","N-201-2","N-215"]},"ScyDEO":{"startX":1398,"startY":417,"endX":1398,"endY":467,"nodes":["INT-89-2","N-201-1"]},"FmPfZx":{"startX":1340,"startY":417,"endX":1340,"endY":467,"nodes":["INT-90-2"]},"RdJMVz":{"startX":1246,"startY":417,"endX":1246,"endY":464,"nodes":["INT-91-2"]},"rhQhiZ":{"startX":1228,"startY":415,"endX":1228,"endY":473,"nodes":["INT-92-2"]},"MjMAup":{"startX":1189,"startY":564,"endX":1121,"endY":564,"nodes":["INT-93-2","W-BATHROOM-4"]},"GowVGl":{"startX":1186,"startY":591,"endX":1116,"endY":591,"nodes":["INT-94-2","M-BATHROOM-4"]},"gjZsSe":{"startX":1088,"startY":695,"endX":1088,"endY":633,"nodes":["INT-99-2","N-212-2"]},"vDnIgd":{"startX":763,"startY":416,"endX":763,"endY":461,"nodes":["INT-100-2","N-212-1"]},"hxVXBk":{"startX":692,"startY":419,"endX":692,"endY":481,"nodes":["INT-101-2","N-209"]},"AvLcvL":{"startX":655,"startY":596,"endX":725,"endY":596,"nodes":["INT-102-2","INT-103-2"]},"isbPrl":{"startX":691,"startY":558,"endX":691,"endY":640,"nodes":["INT-103-2","N-210","N-211"]},"MgbEWq":{"startX":796,"startY":729,"endX":655,"endY":729,"nodes":["INT-104-2","INT-105-2"]},"ATYCNF":{"startX":1362,"startY":1052,"endX":1362,"endY":1004,"nodes":["INT-106-2","M-BATHROOM-5"]},"UizNfq":{"startX":1396,"startY":993,"endX":1435,"endY":993,"nodes":["INT-107-2"]},"aheEMr":{"startX":1443,"startY":995,"endX":1477,"endY":995,"nodes":["INT-108-2"]},"NevkHH":{"startX":1516,"startY":1052,"endX":1516,"endY":1000,"nodes":["INT-109-2"]},"BTKMop":{"startX":1614,"startY":1082,"endX":1614,"endY":962,"nodes":["INT-110-2","M-206","M-204"]},"DRZfcm":{"startX":1640,"startY":1084,"endX":1640,"endY":1039,"nodes":["INT-111-2","M-205"]},"jwajoN":{"startX":1261,"startY":1079,"endX":1261,"endY":970,"nodes":["INT-112-2","M-201","M-211"]},"MmZCIB":{"startX":1171,"startY":623,"endX":1216,"endY":623,"nodes":["INT-113-2","N-213"]},"bJTxay":{"startX":1884,"startY":434,"endX":1884,"endY":382,"nodes":["INT-114-2","INT-115-2"]},"QaKzps":{"startX":1854,"startY":386,"endX":1915,"endY":386,"nodes":["INT-115-2","U-207","U-206"]},"OspFHr":{"startX":2163,"startY":431,"endX":2163,"endY":384,"nodes":["INT-116-2","U-210"]},"qxfHGN":{"startX":2210,"startY":428,"endX":2210,"endY":378,"nodes":["INT-117-2","U-212"]},"jbUBhL":{"startX":2076,"startY":417,"endX":2076,"endY":463,"nodes":["INT-118-2","U-211"]},"mrOwnl":{"startX":2046,"startY":417,"endX":2046,"endY":461,"nodes":["INT-119-2","U-209"]},"yskqdI":{"startX":1889,"startY":480,"endX":1927,"endY":480,"nodes":["INT-120-2","STAIR-H-C-2"]},"XcJRmz":{"startX":1902,"startY":472,"endX":1822,"endY":472,"nodes":["INT-121-2","U-205"]},"qaAzAS":{"startX":1901,"startY":510,"endX":1851,"endY":510,"nodes":["INT-122-2","U-204"]},"BfdDlh":{"startX":1900,"startY":547,"endX":1855,"endY":547,"nodes":["INT-123-2","U-202"]},"Szfbwf":{"startX":1888,"startY":593,"endX":1934,"endY":593,"nodes":["INT-124-2"]},"WKyyZg":{"startX":1901,"startY":636,"endX":1852,"endY":636,"nodes":["INT-125-2","U-201"]},"CddEmL":{"startX":1885,"startY":688,"endX":1936,"endY":688,"nodes":["INT-126-2","STAIR-H-B-2"]},"OImCrs":{"startX":1898,"startY":694,"endX":1852,"endY":694,"nodes":["INT-128-2"]},"dnpIrg":{"startX":2049,"startY":1080,"endX":2049,"endY":1135,"nodes":["INT-129-2","U-225"]},"bIKUZQ":{"startX":1902,"startY":715,"endX":1902,"endY":769,"nodes":["INT-130-2","U-200"]},"VaWjVW":{"startX":1878,"startY":1060,"endX":2267,"endY":1060,"nodes":["INT-131-2","INT-132-2"]},"cgGQdv":{"startX":1030,"startY":883,"endX":1076,"endY":883,"nodes":["INT-134-2"]},"YyWKnx":{"startX":1068,"startY":891,"endX":1068,"endY":811,"nodes":["INT-133-2","INT-134-2"]},"zpkHLU":{"startX":1543,"startY":433,"endX":1543,"endY":334,"nodes":["INT-135-2","N-200"]},"wWzMrc":{"startX":1550,"startY":388,"endX":1361,"endY":388,"nodes":["N-200","INT-137-2","INT-138-2","INT-139-2","US-CONFERENCE-ROOM"]},"vFdrDO":{"startX":1507,"startY":395,"endX":1507,"endY":308,"nodes":["INT-137-2","US-DEAN-OF-STUDENT-LIFE"]},"QrmZpV":{"startX":1486,"startY":394,"endX":1486,"endY":314,"nodes":["INT-138-2","US-PRINCIPAL"]},"sGPsOa":{"startX":1393,"startY":395,"endX":1393,"endY":311,"nodes":["INT-139-2","US-ASSISTANT-PRINCIPAL"]},"KdscZo":{"startX":1306,"startY":432,"endX":1306,"endY":378,"nodes":["INT-140-2","N-203"]},"kMsNdh":{"startX":1100,"startY":435,"endX":1100,"endY":379,"nodes":["INT-141-2","N-208"]},"JGvPYh":{"startX":892,"startY":432,"endX":892,"endY":393,"nodes":["INT-142-2","N-207"]},"DEFAsU":{"startX":796,"startY":432,"endX":796,"endY":384,"nodes":["INT-143-2","N-208"]},"XkjbAl":{"startX":1691,"startY":881,"endX":1644,"endY":881,"nodes":["INT-144-2","STAIR-M-B-2"]},"yZuKcG":{"startX":1533,"startY":539,"endX":1668,"endY":539,"nodes":["INT-147-2","INT-148-2","US-SWAMP"]},"QVseAG":{"startX":2250,"startY":622,"endX":2314,"endY":622,"nodes":["INT-150-2","INT-151-2","INT-152-2"]},"BRqmtB":{"startX":2300,"startY":617,"endX":2300,"endY":647,"nodes":["INT-151-2"]},"LSPMaf":{"startX":2288,"startY":631,"endX":2288,"endY":595,"nodes":["INT-152-2","U-214-1"]},"ablKDz":{"startX":2176,"startY":1081,"endX":2176,"endY":1125,"nodes":["INT-153-2","U-224"]},"gxrmyo":{"startX":2002,"startY":728,"endX":2002,"endY":682,"nodes":["INT-154-2","U-218"]},"IHUrEI":{"startX":2263,"startY":652,"endX":2213,"endY":652,"nodes":["INT-155-2","U-216"]},"huaNUC":{"startX":2263,"startY":607,"endX":2212,"endY":607,"nodes":["INT-156-2","U-215"]},"gcVsHC":{"startX":578,"startY":991,"endX":534,"endY":991,"nodes":["INT-158-2","STAIR-L-A-2"]},"FWycib":{"startX":290,"startY":979,"endX":355,"endY":979,"nodes":["INT-159-2","STAIR-C-L-2"]},"KtTBLZ":{"startX":1103,"startY":952,"endX":1252,"endY":952,"nodes":["STAIR-M-A-2","STAIR-E-A-2"]},"wydbNZ":{"startX":2264,"startY":477,"endX":2220,"endY":477,"nodes":["INT-162-2","STAIR-H-E-2"]},"HlBSpE":{"startX":2264,"startY":690,"endX":2213,"endY":690,"nodes":["INT-163-2","STAIR-H-D-2"]},"Focoqg":{"startX":2252,"startY":908,"endX":2292,"endY":908,"nodes":["INT-164-2","STAIR-H-H-2"]}},"nodes":{"INT-0-2":{"x":2257,"y":425},"INT-1-2":{"x":2257,"y":1090},"INT-2-2":{"x":1931,"y":1090},"INT-3-2":{"x":1931,"y":1122},"INT-4-2":{"x":1895,"y":1122},"INT-5-2":{"x":1888,"y":1122},"INT-6-2":{"x":1888,"y":1045},"M-212":{"x":1217,"y":1045},"INT-8-2":{"x":1649,"y":1045},"INT-9-2":{"x":1649,"y":824},"INT-10-2":{"x":1649,"y":771},"INT-11-2":{"x":1239,"y":1045},"INT-12-2":{"x":1239,"y":824},"INT-13-2":{"x":1239,"y":771},"INT-15-2":{"x":777,"y":824},"INT-16-2":{"x":777,"y":771},"INT-17-2":{"x":1450,"y":1045},"INT-18-2":{"x":1427,"y":1045},"INT-19-2":{"x":1695,"y":685},"INT-20-2":{"x":1662,"y":425},"INT-21-2":{"x":1662,"y":685},"INT-22-2":{"x":1239,"y":741},"INT-23-2":{"x":1662,"y":741},"INT-26-2":{"x":1181,"y":425},"INT-27-2":{"x":1181,"y":685},"INT-34-2":{"x":1536,"y":425},"INT-35-2":{"x":1536,"y":685},"INT-37-2":{"x":664,"y":425},"INT-38-2":{"x":664,"y":685},"INT-39-2":{"x":664,"y":1077},"INT-40-2":{"x":1116,"y":1077},"INT-43-2":{"x":1753,"y":1045},"INT-44-2":{"x":2257,"y":1032},"INT-45-2":{"x":2257,"y":1009},"INT-46-2":{"x":2257,"y":883},"INT-47-2":{"x":2257,"y":784},"INT-48-2":{"x":2060,"y":425},"INT-49-2":{"x":1894,"y":425},"INT-52-2":{"x":2257,"y":721},"INT-53-2":{"x":1894,"y":721},"INT-54-2":{"x":1836,"y":721},"INT-55-2":{"x":1836,"y":825},"INT-56-2":{"x":1798,"y":1045},"INT-57-2":{"x":1798,"y":825},"INT-58-2":{"x":1798,"y":725},"INT-59-2":{"x":1750,"y":685},"INT-60-2":{"x":1750,"y":725},"INT-61-2":{"x":1662,"y":640},"INT-62-2":{"x":1744,"y":425},"US-COAT-ROOM":{"x":1744,"y":640},"INT-64-2":{"x":1231,"y":685},"INT-65-2":{"x":1231,"y":707},"INT-66-2":{"x":664,"y":1003},"INT-69-2":{"x":294,"y":926},"INT-70-2":{"x":294,"y":874},"INT-71-2":{"x":262,"y":874},"INT-72-2":{"x":262,"y":861},"INT-73-2":{"x":245,"y":861},"INT-74-2":{"x":245,"y":850},"INT-75-2":{"x":500,"y":1003},"INT-76-2":{"x":490,"y":1003},"INT-77-2":{"x":536,"y":1003},"INT-79-2":{"x":335,"y":1003},"L-206":{"x":335,"y":926},"INT-81-2":{"x":817,"y":1077},"INT-82-2":{"x":846,"y":1077},"INT-83-2":{"x":1036,"y":1077},"INT-84-2":{"x":1051,"y":1077},"INT-85-2":{"x":1095,"y":1077},"INT-86-2":{"x":782,"y":1077},"INT-87-2":{"x":1372,"y":685},"INT-88-2":{"x":1372,"y":650},"INT-89-2":{"x":1398,"y":425},"INT-90-2":{"x":1340,"y":425},"INT-91-2":{"x":1246,"y":425},"INT-92-2":{"x":1228,"y":425},"INT-93-2":{"x":1181,"y":564},"INT-94-2":{"x":1181,"y":591},"INT-99-2":{"x":1088,"y":685},"INT-100-2":{"x":763,"y":425},"INT-101-2":{"x":692,"y":425},"INT-102-2":{"x":664,"y":596},"INT-103-2":{"x":691,"y":596},"INT-104-2":{"x":777,"y":729},"INT-105-2":{"x":664,"y":729},"INT-106-2":{"x":1362,"y":1045},"INT-107-2":{"x":1427,"y":993},"INT-108-2":{"x":1450,"y":995},"INT-109-2":{"x":1516,"y":1045},"INT-110-2":{"x":1614,"y":1045},"INT-111-2":{"x":1640,"y":1045},"INT-112-2":{"x":1261,"y":1045},"INT-113-2":{"x":1181,"y":623},"INT-114-2":{"x":1884,"y":425},"INT-115-2":{"x":1884,"y":386},"INT-116-2":{"x":2163,"y":425},"INT-117-2":{"x":2210,"y":425},"INT-118-2":{"x":2076,"y":425},"INT-119-2":{"x":2046,"y":425},"INT-120-2":{"x":1894,"y":480},"INT-121-2":{"x":1894,"y":472},"INT-122-2":{"x":1894,"y":510},"INT-123-2":{"x":1894,"y":547},"INT-124-2":{"x":1894,"y":593},"INT-125-2":{"x":1894,"y":636},"INT-126-2":{"x":1894,"y":688},"INT-128-2":{"x":1894,"y":694},"INT-129-2":{"x":2049,"y":1090},"INT-130-2":{"x":1902,"y":721},"INT-131-2":{"x":2257,"y":1060},"INT-132-2":{"x":1888,"y":1060},"INT-133-2":{"x":1068,"y":824},"INT-134-2":{"x":1068,"y":883},"INT-135-2":{"x":1543,"y":425},"N-200":{"x":1543,"y":388},"INT-137-2":{"x":1507,"y":388},"INT-138-2":{"x":1486,"y":388},"INT-139-2":{"x":1393,"y":388},"INT-140-2":{"x":1306,"y":425},"INT-141-2":{"x":1100,"y":425},"INT-142-2":{"x":892,"y":425},"INT-143-2":{"x":796,"y":425},"INT-144-2":{"x":1649,"y":881},"N-207":{"x":892,"y":396},"N-208":{"x":796,"y":394},"N-203":{"x":1306,"y":389},"US-ASSISTANT-PRINCIPAL":{"x":1393,"y":317},"US-CONFERENCE-ROOM":{"x":1373,"y":388},"US-PRINCIPAL":{"x":1486,"y":320},"US-DEAN-OF-STUDENT-LIFE":{"x":1507,"y":315},"N-201-1":{"x":1398,"y":463},"N-201-2":{"x":1406,"y":650},"N-215":{"x":1345,"y":650},"N-213":{"x":1214,"y":623},"M-BATHROOM-4":{"x":1126,"y":591},"W-BATHROOM-4":{"x":1130,"y":564},"N-212-1":{"x":763,"y":453},"N-212-2":{"x":1088,"y":642},"L-204":{"x":536,"y":919},"L-203":{"x":536,"y":1047},"L-202":{"x":500,"y":1039},"L-205":{"x":490,"y":924},"L-201":{"x":335,"y":1042},"A-204":{"x":817,"y":1094},"A-200":{"x":846,"y":1051},"A-201":{"x":1036,"y":1050},"A-203":{"x":1051,"y":1098},"A-202":{"x":1095,"y":1101},"M-200":{"x":1239,"y":1086},"M-201":{"x":1261,"y":1071},"M-211":{"x":1261,"y":976},"M-BATHROOM-5":{"x":1362,"y":1009},"M-202":{"x":1427,"y":1070},"M-203":{"x":1450,"y":1075},"M-209":{"x":1427,"y":970},"M-208":{"x":1450,"y":971},"M-206":{"x":1614,"y":969},"M-204":{"x":1614,"y":1075},"M-205":{"x":1640,"y":1076},"U-230":{"x":1753,"y":1077},"INT-147-2":{"x":1662,"y":539},"INT-148-2":{"x":1536,"y":539},"US-SWAMP":{"x":1598,"y":539},"U-207":{"x":1912,"y":386},"U-206":{"x":1857,"y":386},"U-208":{"x":2060,"y":392},"U-210":{"x":2163,"y":388},"U-211":{"x":2076,"y":456},"U-209":{"x":2046,"y":455},"U-212":{"x":2210,"y":388},"U-213":{"x":2257,"y":388},"INT-150-2":{"x":2257,"y":622},"INT-151-2":{"x":2300,"y":622},"INT-152-2":{"x":2288,"y":622},"U-214-1":{"x":2288,"y":596},"U-214-2":{"x":2288,"y":425},"U-219":{"x":2285,"y":784},"U-220":{"x":2293,"y":883},"U-221":{"x":2288,"y":1009},"U-222":{"x":2286,"y":1032},"U-223":{"x":2257,"y":1126},"INT-153-2":{"x":2176,"y":1090},"U-224":{"x":2176,"y":1115},"U-225":{"x":2049,"y":1122},"U-226":{"x":1931,"y":1147},"U-227":{"x":1895,"y":1148},"U-228":{"x":1857,"y":1122},"U-229":{"x":1888,"y":1011},"U-200":{"x":1902,"y":753},"INT-154-2":{"x":2002,"y":721},"U-218":{"x":2002,"y":685},"INT-155-2":{"x":2257,"y":652},"U-216":{"x":2229,"y":652},"INT-156-2":{"x":2257,"y":607},"U-215":{"x":2220,"y":607},"U-205":{"x":1832,"y":472},"U-204":{"x":1863,"y":510},"U-202":{"x":1866,"y":547},"U-201":{"x":1858,"y":636},"N-209":{"x":692,"y":476},"N-210":{"x":691,"y":571},"N-211":{"x":691,"y":631},"INT-158-2":{"x":536,"y":991},"STAIR-L-A-2":{"x":575,"y":991},"INT-159-2":{"x":335,"y":979},"STAIR-C-L-2":{"x":302,"y":979},"STAIR-N-D-2":{"x":664,"y":1027},"STAIR-N-A-2":{"x":664,"y":388},"STAIR-N-C-2":{"x":1195,"y":707},"STAIR-N-B-2":{"x":1744,"y":390},"STAIR-M-A-2":{"x":1239,"y":952},"STAIR-E-A-2":{"x":1116,"y":952},"STAIR-M-B-2":{"x":1686,"y":881},"STAIR-H-F-2":{"x":1695,"y":723},"STAIR-H-B-2":{"x":1930,"y":688},"STAIR-H-C-2":{"x":1926,"y":480},"INT-162-2":{"x":2257,"y":477},"STAIR-H-E-2":{"x":2228,"y":477},"INT-163-2":{"x":2257,"y":690},"STAIR-H-D-2":{"x":2226,"y":690},"INT-164-2":{"x":2257,"y":908},"STAIR-H-H-2":{"x":2291,"y":908}}}