{"M-300":["M-300-1","M-300-2","M-300-3"],"U-300":["U-300-1","U-300-3","U-300-2"],"N-306":["N-306-1","N-306-2"],"N-304":["N-304-2","N-304-1"],"N-302":["N-302-1","N-302-2"],"N-307":["N-307-1"],"N-312":["N-312-1","N-312-2"],"M-BATHROOM":["M-BATHROOM-7","M-BATHROOM-6","M-BATHROOM-4","M-BATHROOM-5","M-BATHROOM-3","M-BATHROOM-1","M-BATHROOM-2"],"W-BATHROOM":["W-BATHROOM-7","W-BATHROOM-6","W-BATHROOM-4","W-BATHROOM-3","W-BATHROOM-2","W-BATHROOM-1"],"US-LIBRARY":["US-LIBRARY-3","US-LIBRARY-4","US-LIBRARY-1","US-LIBRARY-2"],"U-214":["U-214-2","U-214-1"],"N-201":["N-201-2","N-201-1"],"N-212":["N-212-2","N-212-1"],"EXIT":["EXIT-HM","EXIT-LS","EXIT-ANNEX","EXIT-KITCHEN","EXIT-MS","EXIT-101","EXIT-US-WEST","EXIT-US-EAST","EXIT-STAIR-N-B","EXIT-STAIR-N-A","EXIT-LINK"],"CAFETERIA":["CAFETERIA-4","CAFETERIA-3","CAFETERIA-2","CAFETERIA-1"],"KITCHEN":["KITCHEN-1","KITCHEN-2"],"HAWLEY":["HAWLEY-1","HAWLEY-2","HAWLEY-3"],"MANUAL-INT":["MANUAL-INT-1","MANUAL-INT-2"],"TURF":["TURF-1","TURF-2","TURF-3","TURF-4"]}